{"FM_25C.0":{"box_size":1.9731656586,"energy_kcal_per_mol":-2326.7302943912,"electrostatics":-4242.6309486484,"onebody":286.3394802375,"twobody":3470.4224544888,"threebody":75.8383861635,"dispersion":-1916.6996666327}}

{"FM_25C.0":{"box_size":1.9731656586,"energy_kcal_per_mol":-2305.7762629095,"electrostatics":-4242.6309486484,"onebody":286.3394802375,"twobody":3470.4224544888,"threebody":96.7924176453,"dispersion":-1916.6996666327}}

