{"FM_25C.1":{"box_size":1.9731656586,"energy_kcal_per_mol":-2400.5310409611,"electrostatics":-4377.3660741622,"onebody":286.4186635878,"twobody":3540.4160084001,"threebody":91.1109168254,"dispersion":-1941.1105556122}}