{"w256_01":{"box_size":1.939968884,"energy_kcal_per_mol":-1055.9738705157,"electrostatics":-4359.0994984527,"onebody":1871.4147120345,"twobody":3232.4975802317,"threebody":64.6453765859,"dispersion":-1865.4320409152}}